id,korisnik_id,datum,status,ukupni_iznos,nacin_placanja
1,7,2024-01-02 08:15:10,isporučeno,18400,kreditna kartica
2,2,2024-01-05 09:11:45,na čekanju,3600,pouzeće
3,15,2024-01-08 10:05:33,isporučeno,9700,bankovni transfer
4,2,2024-01-10 11:44:02,otkazano,2500,kreditna kartica
5,23,2024-01-13 12:18:27,isporučeno,21500,pouzeće
6,7,2024-01-15 13:55:12,isporučeno,8900,bankovni transfer
7,31,2024-01-18 14:33:50,na čekanju,1300,kreditna kartica
8,8,2024-01-20 16:21:09,isporučeno,19200,pouzeće
9,19,2024-01-22 17:10:44,isporučeno,3600,bankovni transfer
10,4,2024-01-25 18:47:36,isporučeno,10900,kreditna kartica
11,12,2024-02-01 09:00:00,isporučeno,15000,pouzeće
12,3,2024-02-05 10:30:00,na čekanju,4500,kreditna kartica
13,25,2024-02-10 11:45:00,isporučeno,22000,bankovni transfer
14,18,2024-02-15 14:00:00,otkazano,3000,pouzeće
15,6,2024-02-20 15:15:00,isporučeno,17000,kreditna kartica
16,9,2024-02-25 16:30:00,isporučeno,19500,bankovni transfer
17,14,2024-03-02 17:45:00,na čekanju,500,kreditna kartica
18,11,2024-03-07 18:00:00,isporučeno,12500,pouzeće
19,10,2024-03-12 19:15:00,isporučeno,11000,bankovni transfer
20,5,2024-03-17 20:30:00,otkazano,3500,kreditna kartica
21,8,2024-03-22 21:45:00,isporučeno,18000,pouzeće
22,24,2024-03-27 22:00:00,isporučeno,24000,bankovni transfer
23,13,2024-04-01 08:00:00,na čekanju,700,kreditna kartica
24,17,2024-04-05 09:15:00,isporučeno,16000,pouzeće
25,22,2024-04-10 10:30:00,isporučeno,20000,bankovni transfer
26,20,2024-04-15 11:45:00,otkazano,4000,kreditna kartica
27,19,2024-04-20 13:00:00,isporučeno,19000,pouzeće
28,15,2024-04-25 14:15:00,isporučeno,21000,bankovni transfer
29,14,2024-05-01 15:30:00,na čekanju,800,kreditna kartica
30,12,2024-05-05 16:45:00,isporučeno,14000,pouzeće
31,11,2024-05-10 18:00:00,isporučeno,13000,bankovni transfer
32,10,2024-05-15 19:15:00,otkazano,4500,kreditna kartica
33,9,2024-05-20 20:30:00,isporučeno,17500,pouzeće
34,8,2024-05-25 21:45:00,isporučeno,18500,bankovni transfer
35,7,2024-06-01 08:00:00,na čekanju,900,kreditna kartica
36,6,2024-06-05 09:15:00,isporučeno,15500,pouzeće
37,5,2024-06-10 10:30:00,isporučeno,20500,bankovni transfer
38,4,2024-06-15 11:45:00,otkazano,3500,kreditna kartica
39,3,2024-06-20 13:00:00,isporučeno,16500,pouzeće
40,2,2024-06-25 14:15:00,isporučeno,21500,bankovni transfer
41,1,2024-07-01 15:30:00,na čekanju,1000,kreditna kartica
42,24,2024-07-05 16:45:00,isporučeno,14500,pouzeće
43,23,2024-07-10 18:00:00,isporučeno,12500,bankovni transfer
44,22,2024-07-15 19:15:00,otkazano,5000,kreditna kartica
45,21,2024-07-20 20:30:00,isporučeno,19500,pouzeće
46,20,2024-07-25 21:45:00,isporučeno,20500,bankovni transfer
47,19,2024-08-01 08:00:00,na čekanju,1100,kreditna kartica
48,18,2024-08-05 09:15:00,isporučeno,17500,pouzeće
49,17,2024-08-10 10:30:00,isporučeno,19500,bankovni transfer
50,16,2024-08-15 11:45:00,otkazano,4000,kreditna kartica
51,15,2024-08-20 13:00:00,isporučeno,18500,pouzeće
52,14,2024-08-25 14:15:00,isporučeno,21500,bankovni transfer
53,13,2024-09-01 15:30:00,na čekanju,1200,kreditna kartica
54,12,2024-09-05 16:45:00,isporučeno,15500,pouzeće
55,11,2024-09-10 18:00:00,isporučeno,13500,bankovni transfer
56,10,2024-09-15 19:15:00,otkazano,4500,kreditna kartica
57,9,2024-09-20 20:30:00,isporučeno,18000,pouzeće
58,8,2024-09-25 21:45:00,isporučeno,19000,bankovni transfer
59,7,2024-10-01 08:00:00,na čekanju,1300,kreditna kartica
60,6,2024-10-05 09:15:00,isporučeno,16500,pouzeće
61,5,2024-10-10 10:30:00,isporučeno,21000,bankovni transfer
62,4,2024-10-15 11:45:00,otkazano,3500,kreditna kartica
63,3,2024-10-20 13:00:00,isporučeno,17500,pouzeće
64,2,2024-10-25 14:15:00,isporučeno,22500,bankovni transfer
65,1,2024-11-01 15:30:00,na čekanju,1400,kreditna kartica
66,24,2024-11-05 16:45:00,isporučeno,15000,pouzeće
67,23,2024-11-10 18:00:00,isporučeno,13000,bankovni transfer
68,22,2024-11-15 19:15:00,otkazano,5000,kreditna kartica
69,21,2024-11-20 20:30:00,isporučeno,20000,pouzeće
70,20,2024-11-25 21:45:00,isporučeno,21000,bankovni transfer
71,19,2024-12-01 08:00:00,na čekanju,1500,kreditna kartica
72,18,2024-12-05 09:15:00,isporučeno,18000,pouzeće
73,17,2024-12-10 10:30:00,isporučeno,20000,bankovni transfer
74,16,2024-12-15 11:45:00,otkazano,4000,kreditna kartica
75,15,2024-12-20 13:00:00,isporučeno,19500,pouzeće
76,14,2024-12-25 14:15:00,isporučeno,22500,bankovni transfer
77,13,2024-12-28 15:30:00,na čekanju,1600,kreditna kartica
78,22,2024-12-29 16:45:00,isporučeno,17000,pouzeće
79,5,2024-12-30 18:00:00,isporučeno,21000,bankovni transfer
80,8,2024-12-31 19:15:00,otkazano,3500,kreditna kartica
81,7,2024-01-02 08:15:10,isporučeno,18400,kreditna kartica
82,2,2024-01-05 09:11:45,na čekanju,3600,pouzeće
83,15,2024-01-08 10:05:33,isporučeno,9700,bankovni transfer
84,2,2024-01-10 11:44:02,otkazano,2500,kreditna kartica
85,23,2024-01-13 12:18:27,isporučeno,21500,pouzeće
86,7,2024-01-15 13:55:12,isporučeno,8900,bankovni transfer
87,31,2024-01-18 14:33:50,na čekanju,1300,kreditna kartica
88,8,2024-01-20 16:21:09,isporučeno,19200,pouzeće
89,19,2024-01-22 17:10:44,isporučeno,3600,bankovni transfer
90,4,2024-01-25 18:47:36,isporučeno,10900,kreditna kartica
91,12,2024-02-01 09:00:00,isporučeno,15000,pouzeće
92,3,2024-02-05 10:30:00,na čekanju,4500,kreditna kartica
93,25,2024-02-10 11:45:00,isporučeno,22000,bankovni transfer
94,18,2024-02-15 14:00:00,otkazano,3000,pouzeće
95,6,2024-02-20 15:15:00,isporučeno,17000,kreditna kartica
96,9,2024-02-25 16:30:00,isporučeno,19500,bankovni transfer
97,14,2024-03-02 17:45:00,na čekanju,500,kreditna kartica
98,11,2024-03-07 18:00:00,isporučeno,12500,pouzeće
99,10,2024-03-12 19:15:00,isporučeno,11000,bankovni transfer
100,5,2024-03-17 20:30:00,otkazano,3500,kreditna kartica
101,8,2024-03-22 21:45:00,isporučeno,18000,pouzeće
102,24,2024-03-27 22:00:00,isporučeno,24000,bankovni transfer
103,13,2024-04-01 08:00:00,na čekanju,700,kreditna kartica
104,17,2024-04-05 09:15:00,isporučeno,16000,pouzeće
105,22,2024-04-10 10:30:00,isporučeno,20000,bankovni transfer
106,20,2024-04-15 11:45:00,otkazano,4000,kreditna kartica
107,19,2024-04-20 13:00:00,isporučeno,19000,pouzeće
108,15,2024-04-25 14:15:00,isporučeno,21000,bankovni transfer
109,14,2024-05-01 15:30:00,na čekanju,800,kreditna kartica
110,12,2024-05-05 16:45:00,isporučeno,14000,pouzeće
111,11,2024-05-10 18:00:00,isporučeno,13000,bankovni transfer
112,10,2024-05-15 19:15:00,otkazano,4500,kreditna kartica
113,9,2024-05-20 20:30:00,isporučeno,17500,pouzeće
114,8,2024-05-25 21:45:00,isporučeno,18500,bankovni transfer
115,7,2024-06-01 08:00:00,na čekanju,900,kreditna kartica
116,6,2024-06-05 09:15:00,isporučeno,15500,pouzeće
117,5,2024-06-10 10:30:00,isporučeno,20500,bankovni transfer
118,4,2024-06-15 11:45:00,otkazano,3500,kreditna kartica
119,3,2024-06-20 13:00:00,isporučeno,16500,pouzeće
120,2,2024-06-25 14:15:00,isporučeno,21500,bankovni transfer
121,1,2024-07-01 15:30:00,na čekanju,1000,kreditna kartica
122,24,2024-07-05 16:45:00,isporučeno,14500,pouzeće
123,23,2024-07-10 18:00:00,isporučeno,12500,bankovni transfer
124,22,2024-07-15 19:15:00,otkazano,5000,kreditna kartica
125,21,2024-07-20 20:30:00,isporučeno,19500,pouzeće
126,20,2024-07-25 21:45:00,isporučeno,20500,bankovni transfer
127,19,2024-08-01 08:00:00,na čekanju,1100,kreditna kartica
128,18,2024-08-05 09:15:00,isporučeno,17500,pouzeće
129,17,2024-08-10 10:30:00,isporučeno,19500,bankovni transfer
130,16,2024-08-15 11:45:00,otkazano,4000,kreditna kartica
131,15,2024-08-20 13:00:00,isporučeno,18500,pouzeće
132,14,2024-08-25 14:15:00,isporučeno,21500,bankovni transfer
133,13,2024-09-01 15:30:00,na čekanju,1200,kreditna kartica
134,12,2024-09-05 16:45:00,isporučeno,15500,pouzeće
135,11,2024-09-10 18:00:00,isporučeno,13500,bankovni transfer
136,10,2024-09-15 19:15:00,otkazano,4500,kreditna kartica
137,9,2024-09-20 20:30:00,isporučeno,18000,pouzeće
138,8,2024-09-25 21:45:00,isporučeno,19000,bankovni transfer
139,7,2024-10-01 08:00:00,na čekanju,1300,kreditna kartica
140,6,2024-10-05 09:15:00,isporučeno,16500,pouzeće
141,5,2024-10-10 10:30:00,isporučeno,21000,bankovni transfer
142,4,2024-10-15 11:45:00,otkazano,3500,kreditna kartica
143,3,2024-10-20 13:00:00,isporučeno,17500,pouzeće
144,2,2024-10-25 14:15:00,isporučeno,22500,bankovni transfer
145,1,2024-11-01 15:30:00,na čekanju,1400,kreditna kartica
146,24,2024-11-05 16:45:00,isporučeno,15000,pouzeće
147,23,2024-11-10 18:00:00,isporučeno,13000,bankovni transfer
148,22,2024-11-15 19:15:00,otkazano,5000,kreditna kartica
149,21,2024-11-20 20:30:00,isporučeno,20000,pouzeće
150,20,2024-11-25 21:45:00,isporučeno,21000,bankovni transfer
151,19,2024-12-01 08:00:00,na čekanju,1500,kreditna kartica
152,18,2024-12-05 09:15:00,isporučeno,18000,pouzeće
153,17,2024-12-10 10:30:00,isporučeno,20000,bankovni transfer
154,16,2024-12-15 11:45:00,otkazano,4000,kreditna kartica
155,15,2024-12-20 13:00:00,isporučeno,19500,pouzeće
156,14,2024-12-25 14:15:00,isporučeno,22500,bankovni transfer
157,13,2024-12-28 15:30:00,na čekanju,1600,kreditna kartica
158,22,2024-12-29 16:45:00,isporučeno,17000,pouzeće
159,5,2024-12-30 18:00:00,isporučeno,21000,bankovni transfer
160,8,2024-12-31 19:15:00,otkazano,3500,kreditna kartica
161,7,2024-01-02 08:15:10,isporučeno,18400,kreditna kartica
162,2,2024-01-05 09:11:45,na čekanju,3600,pouzeće
163,15,2024-01-08 10:05:33,isporučeno,9700,bankovni transfer
164,2,2024-01-10 11:44:02,otkazano,2500,kreditna kartica
165,23,2024-01-13 12:18:27,isporučeno,21500,pouzeće
166,7,2024-01-15 13:55:12,isporučeno,8900,bankovni transfer
167,31,2024-01-18 14:33:50,na čekanju,1300,kreditna kartica
168,8,2024-01-20 16:21:09,isporučeno,19200,pouzeće
169,19,2024-01-22 17:10:44,isporučeno,3600,bankovni transfer
170,4,2024-01-25 18:47:36,isporučeno,10900,kreditna kartica
171,12,2024-02-01 09:00:00,isporučeno,15000,pouzeće
172,3,2024-02-05 10:30:00,na čekanju,4500,kreditna kartica
173,25,2024-02-10 11:45:00,isporučeno,22000,bankovni transfer
174,18,2024-02-15 14:00:00,otkazano,3000,pouzeće
175,6,2024-02-20 15:15:00,isporučeno,17000,kreditna kartica
176,9,2024-02-25 16:30:00,isporučeno,19500,bankovni transfer
177,14,2024-03-02 17:45:00,na čekanju,500,kreditna kartica
178,11,2024-03-07 18:00:00,isporučeno,12500,pouzeće
179,10,2024-03-12 19:15:00,isporučeno,11000,bankovni transfer
180,5,2024-03-17 20:30:00,otkazano,3500,kreditna kartica
181,8,2024-03-22 21:45:00,isporučeno,18000,pouzeće
182,24,2024-03-27 22:00:00,isporučeno,24000,bankovni transfer
183,13,2024-04-01 08:00:00,na čekanju,700,kreditna kartica
184,17,2024-04-05 09:15:00,isporučeno,16000,pouzeće
185,22,2024-04-10 10:30:00,isporučeno,20000,bankovni transfer
186,20,2024-04-15 11:45:00,otkazano,4000,kreditna kartica
187,19,2024-04-20 13:00:00,isporučeno,19000,pouzeće
188,15,2024-04-25 14:15:00,isporučeno,21000,bankovni transfer
189,14,2024-05-01 15:30:00,na čekanju,800,kreditna kartica
190,12,2024-05-05 16:45:00,isporučeno,14000,pouzeće
191,11,2024-05-10 18:00:00,isporučeno,13000,bankovni transfer
192,10,2024-05-15 19:15:00,otkazano,4500,kreditna kartica
193,9,2024-05-20 20:30:00,isporučeno,17500,pouzeće
194,8,2024-05-25 21:45:00,isporučeno,18500,bankovni transfer
195,7,2024-06-01 08:00:00,na čekanju,900,kreditna kartica
196,6,2024-06-05 09:15:00,isporučeno,15500,pouzeće
197,5,2024-06-10 10:30:00,isporučeno,20500,bankovni transfer
198,4,2024-06-15 11:45:00,otkazano,3500,kreditna kartica
199,3,2024-06-20 13:00:00,isporučeno,16500,pouzeće
200,2,2024-06-25 14:15:00,isporučeno,21500,bankovni transfer
201,1,2024-07-01 15:30:00,na čekanju,1000,kreditna kartica
202,24,2024-07-05 16:45:00,isporučeno,14500,pouzeće
203,23,2024-07-10 18:00:00,isporučeno,12500,bankovni transfer
204,22,2024-07-15 19:15:00,otkazano,5000,kreditna kartica
205,21,2024-07-20 20:30:00,isporučeno,19500,pouzeće
206,20,2024-07-25 21:45:00,isporučeno,20500,bankovni transfer
207,19,2024-08-01 08:00:00,na čekanju,1100,kreditna kartica
208,18,2024-08-05 09:15:00,isporučeno,17500,pouzeće
209,17,2024-08-10 10:30:00,isporučeno,19500,bankovni transfer
210,16,2024-08-15 11:45:00,otkazano,4000,kreditna kartica
211,15,2024-08-20 13:00:00,isporučeno,18500,pouzeće
212,14,2024-08-25 14:15:00,isporučeno,21500,bankovni transfer
213,13,2024-09-01 15:30:00,na čekanju,1200,kreditna kartica
214,12,2024-09-05 16:45:00,isporučeno,15500,pouzeće
215,11,2024-09-10 18:00:00,isporučeno,13500,bankovni transfer
216,10,2024-09-15 19:15:00,otkazano,4500,kreditna kartica
217,9,2024-09-20 20:30:00,isporučeno,18000,pouzeće
218,8,2024-09-25 21:45:00,isporučeno,19000,bankovni transfer
219,7,2024-10-01 08:00:00,na čekanju,1300,kreditna kartica
220,6,2024-10-05 09:15:00,isporučeno,16500,pouzeće
221,5,2024-10-10 10:30:00,isporučeno,21000,bankovni transfer
222,4,2024-10-15 11:45:00,otkazano,3500,kreditna kartica
223,3,2024-10-20 13:00:00,isporučeno,17500,pouzeće
224,2,2024-10-25 14:15:00,isporučeno,22500,bankovni transfer
225,1,2024-11-01 15:30:00,na čekanju,1400,kreditna kartica
226,24,2024-11-05 16:45:00,isporučeno,15000,pouzeće
227,23,2024-11-10 18:00:00,isporučeno,13000,bankovni transfer
228,22,2024-11-15 19:15:00,otkazano,5000,kreditna kartica
229,21,2024-11-20 20:30:00,isporučeno,20000,pouzeće
230,20,2024-11-25 21:45:00,isporučeno,21000,bankovni transfer
231,19,2024-12-01 08:00:00,na čekanju,1500,kreditna kartica
232,18,2024-12-05 09:15:00,isporučeno,18000,pouzeće
233,17,2024-12-10 10:30:00,isporučeno,20000,bankovni transfer
234,16,2024-12-15 11:45:00,otkazano,4000,kreditna kartica
235,15,2024-12-20 13:00:00,isporučeno,19500,pouzeće
236,14,2024-12-25 14:15:00,isporučeno,22500,bankovni transfer
237,13,2024-12-28 15:30:00,na čekanju,1600,kreditna kartica
238,22,2024-12-29 16:45:00,isporučeno,17000,pouzeće
239,5,2024-12-30 18:00:00,isporučeno,21000,bankovni transfer
240,8,2024-12-31 19:15:00,otkazano,3500,kreditna kartica
241,7,2024-01-02 08:15:10,isporučeno,18400,kreditna kartica
242,2,2024-01-05 09:11:45,na čekanju,3600,pouzeće
243,15,2024-01-08 10:05:33,isporučeno,9700,bankovni transfer
244,2,2024-01-10 11:44:02,otkazano,2500,kreditna kartica
245,23,2024-01-13 12:18:27,isporučeno,21500,pouzeće
246,7,2024-01-15 13:55:12,isporučeno,8900,bankovni transfer
247,31,2024-01-18 14:33:50,na čekanju,1300,kreditna kartica
248,8,2024-01-20 16:21:09,isporučeno,19200,pouzeće
249,19,2024-01-22 17:10:44,isporučeno,3600,bankovni transfer
250,4,2024-01-25 18:47:36,isporučeno,10900,kreditna kartica
251,12,2024-02-01 09:00:00,isporučeno,15000,pouzeće
252,3,2024-02-05 10:30:00,na čekanju,4500,kreditna kartica
253,25,2024-02-10 11:45:00,isporučeno,22000,bankovni transfer
254,18,2024-02-15 14:00:00,otkazano,3000,pouzeće
255,6,2024-02-20 15:15:00,isporučeno,17000,kreditna kartica
256,9,2024-02-25 16:30:00,isporučeno,19500,bankovni transfer
257,14,2024-03-02 17:45:00,na čekanju,500,kreditna kartica
258,11,2024-03-07 18:00:00,isporučeno,12500,pouzeće
259,10,2024-03-12 19:15:00,isporučeno,11000,bankovni transfer
260,5,2024-03-17 20:30:00,otkazano,3500,kreditna kartica
261,8,2024-03-22 21:45:00,isporučeno,18000,pouzeće
262,24,2024-03-27 22:00:00,isporučeno,24000,bankovni transfer
263,13,2024-04-01 08:00:00,na čekanju,700,kreditna kartica
264,17,2024-04-05 09:15:00,isporučeno,16000,pouzeće
265,22,2024-04-10 10:30:00,isporučeno,20000,bankovni transfer
266,20,2024-04-15 11:45:00,otkazano,4000,kreditna kartica
267,19,2024-04-20 13:00:00,isporučeno,19000,pouzeće
268,15,2024-04-25 14:15:00,isporučeno,21000,bankovni transfer
269,14,2024-05-01 15:30:00,na čekanju,800,kreditna kartica
270,12,2024-05-05 16:45:00,isporučeno,14000,pouzeće
271,11,2024-05-10 18:00:00,isporučeno,13000,bankovni transfer
272,10,2024-05-15 19:15:00,otkazano,4500,kreditna kartica
273,9,2024-05-20 20:30:00,isporučeno,17500,pouzeće
274,8,2024-05-25 21:45:00,isporučeno,18500,bankovni transfer
275,7,2024-06-01 08:00:00,na čekanju,900,kreditna kartica
276,6,2024-06-05 09:15:00,isporučeno,15500,pouzeće
277,5,2024-06-10 10:30:00,isporučeno,20500,bankovni transfer
278,4,2024-06-15 11:45:00,otkazano,3500,kreditna kartica
279,3,2024-06-20 13:00:00,isporučeno,16500,pouzeće
280,2,2024-06-25 14:15:00,isporučeno,21500,bankovni transfer
281,1,2024-07-01 15:30:00,na čekanju,1000,kreditna kartica
282,24,2024-07-05 16:45:00,isporučeno,14500,pouzeće
283,23,2024-07-10 18:00:00,isporučeno,12500,bankovni transfer
284,22,2024-07-15 19:15:00,otkazano,5000,kreditna kartica
285,21,2024-07-20 20:30:00,isporučeno,19500,pouzeće
286,20,2024-07-25 21:45:00,isporučeno,20500,bankovni transfer
287,19,2024-08-01 08:00:00,na čekanju,1100,kreditna kartica
288,18,2024-08-05 09:15:00,isporučeno,17500,pouzeće
289,17,2024-08-10 10:30:00,isporučeno,19500,bankovni transfer
290,16,2024-08-15 11:45:00,otkazano,4000,kreditna kartica
291,15,2024-08-20 13:00:00,isporučeno,18500,pouzeće
292,14,2024-08-25 14:15:00,isporučeno,21500,bankovni transfer
293,13,2024-09-01 15:30:00,na čekanju,1200,kreditna kartica
294,12,2024-09-05 16:45:00,isporučeno,15500,pouzeće
295,11,2024-09-10 18:00:00,isporučeno,13500,bankovni transfer
296,10,2024-09-15 19:15:00,otkazano,4500,kreditna kartica
297,9,2024-09-20 20:30:00,isporučeno,18000,pouzeće
298,8,2024-09-25 21:45:00,isporučeno,19000,bankovni transfer
299,7,2024-10-01 08:00:00,na čekanju,1300,kreditna kartica
300,6,2024-10-05 09:15:00,isporučeno,16500,pouzeće
301,5,2024-10-10 10:30:00,isporučeno,21000,bankovni transfer
302,4,2024-10-15 11:45:00,otkazano,3500,kreditna kartica
303,3,2024-10-20 13:00:00,isporučeno,17500,pouzeće
304,2,2024-10-25 14:15:00,isporučeno,22500,bankovni transfer
305,1,2024-11-01 15:30:00,na čekanju,1400,kreditna kartica
306,24,2024-11-05 16:45:00,isporučeno,15000,pouzeće
307,23,2024-11-10 18:00:00,isporučeno,13000,bankovni transfer
308,22,2024-11-15 19:15:00,otkazano,5000,kreditna kartica
309,21,2024-11-20 20:30:00,isporučeno,20000,pouzeće
310,20,2024-11-25 21:45:00,isporučeno,21000,bankovni transfer
311,19,2024-12-01 08:00:00,na čekanju,1500,kreditna kartica
312,18,2024-12-05 09:15:00,isporučeno,18000,pouzeće
313,17,2024-12-10 10:30:00,isporučeno,20000,bankovni transfer
314,16,2024-12-15 11:45:00,otkazano,4000,kreditna kartica
315,15,2024-12-20 13:00:00,isporučeno,19500,pouzeće
316,14,2024-12-25 14:15:00,isporučeno,22500,bankovni transfer
317,13,2024-12-28 15:30:00,na čekanju,1600,kreditna kartica
318,22,2024-12-29 16:45:00,isporučeno,17000,pouzeće
319,5,2024-12-30 18:00:00,isporučeno,21000,bankovni transfer
320,8,2024-12-31 19:15:00,otkazano,3500,kreditna kartica
321,7,2024-01-02 08:15:10,isporučeno,18400,kreditna kartica
322,2,2024-01-05 09:11:45,na čekanju,3600,pouzeće
323,15,2024-01-08 10:05:33,isporučeno,9700,bankovni transfer
324,2,2024-01-10 11:44:02,otkazano,2500,kreditna kartica
325,23,2024-01-13 12:18:27,isporučeno,21500,pouzeće
326,7,2024-01-15 13:55:12,isporučeno,8900,bankovni transfer
327,31,2024-01-18 14:33:50,na čekanju,1300,kreditna kartica
328,8,2024-01-20 16:21:09,isporučeno,19200,pouzeće
329,19,2024-01-22 17:10:44,isporučeno,3600,bankovni transfer
330,4,2024-01-25 18:47:36,isporučeno,10900,kreditna kartica
331,12,2024-02-01 09:00:00,isporučeno,15000,pouzeće
332,3,2024-02-05 10:30:00,na čekanju,4500,kreditna kartica
333,25,2024-02-10 11:45:00,isporučeno,22000,bankovni transfer
334,18,2024-02-15 14:00:00,otkazano,3000,pouzeće
335,6,2024-02-20 15:15:00,isporučeno,17000,kreditna kartica
336,9,2024-02-25 16:30:00,isporučeno,19500,bankovni transfer
337,14,2024-03-02 17:45:00,na čekanju,500,kreditna kartica
338,11,2024-03-07 18:00:00,isporučeno,12500,pouzeće
339,10,2024-03-12 19:15:00,isporučeno,11000,bankovni transfer
340,5,2024-03-17 20:30:00,otkazano,3500,kreditna kartica
341,8,2024-03-22 21:45:00,isporučeno,18000,pouzeće
342,24,2024-03-27 22:00:00,isporučeno,24000,bankovni transfer
343,13,2024-04-01 08:00:00,na čekanju,700,kreditna kartica
344,17,2024-04-05 09:15:00,isporučeno,16000,pouzeće
345,22,2024-04-10 10:30:00,isporučeno,20000,bankovni transfer
346,20,2024-04-15 11:45:00,otkazano,4000,kreditna kartica
347,19,2024-04-20 13:00:00,isporučeno,19000,pouzeće
348,15,2024-04-25 14:15:00,isporučeno,21000,bankovni transfer
349,14,2024-05-01 15:30:00,na čekanju,800,kreditna kartica
350,12,2024-05-05 16:45:00,isporučeno,14000,pouzeće
351,11,2024-05-10 18:00:00,isporučeno,13000,bankovni transfer
352,10,2024-05-15 19:15:00,otkazano,4500,kreditna kartica
353,9,2024-05-20 20:30:00,isporučeno,17500,pouzeće
354,8,2024-05-25 21:45:00,isporučeno,18500,bankovni transfer
355,7,2024-06-01 08:00:00,na čekanju,900,kreditna kartica
356,6,2024-06-05 09:15:00,isporučeno,15500,pouzeće
357,5,2024-06-10 10:30:00,isporučeno,20500,bankovni transfer
358,4,2024-06-15 11:45:00,otkazano,3500,kreditna kartica
359,3,2024-06-20 13:00:00,isporučeno,16500,pouzeće
360,2,2024-06-25 14:15:00,isporučeno,21500,bankovni transfer
361,1,2024-07-01 15:30:00,na čekanju,1000,kreditna kartica
362,24,2024-07-05 16:45:00,isporučeno,14500,pouzeće
363,23,2024-07-10 18:00:00,isporučeno,12500,bankovni transfer
364,22,2024-07-15 19:15:00,otkazano,5000,kreditna kartica
365,21,2024-07-20 20:30:00,isporučeno,19500,pouzeće
366,20,2024-07-25 21:45:00,isporučeno,20500,bankovni transfer
367,19,2024-08-01 08:00:00,na čekanju,1100,kreditna kartica
368,18,2024-08-05 09:15:00,isporučeno,17500,pouzeće
369,17,2024-08-10 10:30:00,isporučeno,19500,bankovni transfer
370,16,2024-08-15 11:45:00,otkazano,4000,kreditna kartica
371,15,2024-08-20 13:00:00,isporučeno,18500,pouzeće
372,14,2024-08-25 14:15:00,isporučeno,21500,bankovni transfer
373,13,2024-09-01 15:30:00,na čekanju,1200,kreditna kartica
374,12,2024-09-05 16:45:00,isporučeno,15500,pouzeće
375,11,2024-09-10 18:00:00,isporučeno,13500,bankovni transfer
376,10,2024-09-15 19:15:00,otkazano,4500,kreditna kartica
377,9,2024-09-20 20:30:00,isporučeno,18000,pouzeće
378,8,2024-09-25 21:45:00,isporučeno,19000,bankovni transfer
379,7,2024-10-01 08:00:00,na čekanju,1300,kreditna kartica
380,6,2024-10-05 09:15:00,isporučeno,16500,pouzeće
381,5,2024-10-10 10:30:00,isporučeno,21000,bankovni transfer
382,4,2024-10-15 11:45:00,otkazano,3500,kreditna kartica
383,3,2024-10-20 13:00:00,isporučeno,17500,pouzeće
384,2,2024-10-25 14:15:00,isporučeno,22500,bankovni transfer
385,1,2024-11-01 15:30:00,na čekanju,1400,kreditna kartica
386,24,2024-11-05 16:45:00,isporučeno,15000,pouzeće
387,23,2024-11-10 18:00:00,isporučeno,13000,bankovni transfer
388,22,2024-11-15 19:15:00,otkazano,5000,kreditna kartica
389,21,2024-11-20 20:30:00,isporučeno,20000,pouzeće
390,20,2024-11-25 21:45:00,isporučeno,21000,bankovni transfer
391,19,2024-12-01 08:00:00,na čekanju,1500,kreditna kartica
392,18,2024-12-05 09:15:00,isporučeno,18000,pouzeće
393,17,2024-12-10 10:30:00,isporučeno,20000,bankovni transfer
394,16,2024-12-15 11:45:00,otkazano,4000,kreditna kartica
395,15,2024-12-20 13:00:00,isporučeno,19500,pouzeće
396,14,2024-12-25 14:15:00,isporučeno,22500,bankovni transfer
397,13,2024-12-28 15:30:00,na čekanju,1600,kreditna kartica
398,22,2024-12-29 16:45:00,isporučeno,17000,pouzeće
399,5,2024-12-30 18:00:00,isporučeno,21000,bankovni transfer
400,8,2024-12-31 19:15:00,otkazano,3500,kreditna kartica
401,7,2024-01-02 08:15:10,isporučeno,18400,kreditna kartica
402,2,2024-01-05 09:11:45,na čekanju,3600,pouzeće
403,15,2024-01-08 10:05:33,isporučeno,9700,bankovni transfer
404,2,2024-01-10 11:44:02,otkazano,2500,kreditna kartica
405,23,2024-01-13 12:18:27,isporučeno,21500,pouzeće
406,7,2024-01-15 13:55:12,isporučeno,8900,bankovni transfer
407,31,2024-01-18 14:33:50,na čekanju,1300,kreditna kartica
408,8,2024-01-20 16:21:09,isporučeno,19200,pouzeće
409,19,2024-01-22 17:10:44,isporučeno,3600,bankovni transfer
410,4,2024-01-25 18:47:36,isporučeno,10900,kreditna kartica
411,12,2024-02-01 09:00:00,isporučeno,15000,pouzeće
412,3,2024-02-05 10:30:00,na čekanju,4500,kreditna kartica
413,25,2024-02-10 11:45:00,isporučeno,22000,bankovni transfer
414,18,2024-02-15 14:00:00,otkazano,3000,pouzeće
415,6,2024-02-20 15:15:00,isporučeno,17000,kreditna kartica
416,9,2024-02-25 16:30:00,isporučeno,19500,bankovni transfer
417,14,2024-03-02 17:45:00,na čekanju,500,kreditna kartica
418,11,2024-03-07 18:00:00,isporučeno,12500,pouzeće
419,10,2024-03-12 19:15:00,isporučeno,11000,bankovni transfer
420,5,2024-03-17 20:30:00,otkazano,3500,kreditna kartica
421,8,2024-03-22 21:45:00,isporučeno,18000,pouzeće
422,24,2024-03-27 22:00:00,isporučeno,24000,bankovni transfer
423,13,2024-04-01 08:00:00,na čekanju,700,kreditna kartica
424,17,2024-04-05 09:15:00,isporučeno,16000,pouzeće
425,22,2024-04-10 10:30:00,isporučeno,20000,bankovni transfer
426,20,2024-04-15 11:45:00,otkazano,4000,kreditna kartica
427,19,2024-04-20 13:00:00,isporučeno,19000,pouzeće
428,15,2024-04-25 14:15:00,isporučeno,21000,bankovni transfer
429,14,2024-05-01 15:30:00,na čekanju,800,kreditna kartica
430,12,2024-05-05 16:45:00,isporučeno,14000,pouzeće
431,11,2024-05-10 18:00:00,isporučeno,13000,bankovni transfer
432,10,2024-05-15 19:15:00,otkazano,4500,kreditna kartica
433,9,2024-05-20 20:30:00,isporučeno,17500,pouzeće
434,8,2024-05-25 21:45:00,isporučeno,18500,bankovni transfer
435,7,2024-06-01 08:00:00,na čekanju,900,kreditna kartica
436,6,2024-06-05 09:15:00,isporučeno,15500,pouzeće
437,5,2024-06-10 10:30:00,isporučeno,20500,bankovni transfer
438,4,2024-06-15 11:45:00,otkazano,3500,kreditna kartica
439,3,2024-06-20 13:00:00,isporučeno,16500,pouzeće
440,2,2024-06-25 14:15:00,isporučeno,21500,bankovni transfer
441,1,2024-07-01 15:30:00,na čekanju,1000,kreditna kartica
442,24,2024-07-05 16:45:00,isporučeno,14500,pouzeće
443,23,2024-07-10 18:00:00,isporučeno,12500,bankovni transfer
444,22,2024-07-15 19:15:00,otkazano,5000,kreditna kartica
445,21,2024-07-20 20:30:00,isporučeno,19500,pouzeće
446,20,2024-07-25 21:45:00,isporučeno,20500,bankovni transfer
447,19,2024-08-01 08:00:00,na čekanju,1100,kreditna kartica
448,18,2024-08-05 09:15:00,isporučeno,17500,pouzeće
449,17,2024-08-10 10:30:00,isporučeno,19500,bankovni transfer
450,16,2024-08-15 11:45:00,otkazano,4000,kreditna kartica
451,15,2024-08-20 13:00:00,isporučeno,18500,pouzeće
452,14,2024-08-25 14:15:00,isporučeno,21500,bankovni transfer
453,13,2024-09-01 15:30:00,na čekanju,1200,kreditna kartica
454,12,2024-09-05 16:45:00,isporučeno,15500,pouzeće
455,11,2024-09-10 18:00:00,isporučeno,13500,bankovni transfer
456,10,2024-09-15 19:15:00,otkazano,4500,kreditna kartica
457,9,2024-09-20 20:30:00,isporučeno,18000,pouzeće
458,8,2024-09-25 21:45:00,isporučeno,19000,bankovni transfer
459,7,2024-10-01 08:00:00,na čekanju,1300,kreditna kartica
460,6,2024-10-05 09:15:00,isporučeno,16500,pouzeće
461,5,2024-10-10 10:30:00,isporučeno,21000,bankovni transfer
462,4,2024-10-15 11:45:00,otkazano,3500,kreditna kartica
463,3,2024-10-20 13:00:00,isporučeno,17500,pouzeće
464,2,2024-10-25 14:15:00,isporučeno,22500,bankovni transfer
465,1,2024-11-01 15:30:00,na čekanju,1400,kreditna kartica
466,24,2024-11-05 16:45:00,isporučeno,15000,pouzeće
467,23,2024-11-10 18:00:00,isporučeno,13000,bankovni transfer
468,22,2024-11-15 19:15:00,otkazano,5000,kreditna kartica
469,21,2024-11-20 20:30:00,isporučeno,20000,pouzeće
470,20,2024-11-25 21:45:00,isporučeno,21000,bankovni transfer
471,19,2024-12-01 08:00:00,na čekanju,1500,kreditna kartica
472,18,2024-12-05 09:15:00,isporučeno,18000,pouzeće
473,17,2024-12-10 10:30:00,isporučeno,20000,bankovni transfer
474,16,2024-12-15 11:45:00,otkazano,4000,kreditna kartica
475,15,2024-12-20 13:00:00,isporučeno,19500,pouzeće
476,14,2024-12-25 14:15:00,isporučeno,22500,bankovni transfer
477,13,2024-12-28 15:30:00,na čekanju,1600,kreditna kartica
478,22,2024-12-29 16:45:00,isporučeno,17000,pouzeće
479,5,2024-12-30 18:00:00,isporučeno,21000,bankovni transfer
480,8,2024-12-31 19:15:00,otkazano,3500,kreditna kartica
481,7,2024-01-02 08:15:10,isporučeno,18400,kreditna kartica
482,2,2024-01-05 09:11:45,na čekanju,3600,pouzeće
483,15,2024-01-08 10:05:33,isporučeno,9700,bankovni transfer
484,2,2024-01-10 11:44:02,otkazano,2500,kreditna kartica
485,23,2024-01-13 12:18:27,isporučeno,21500,pouzeće
486,7,2024-01-15 13:55:12,isporučeno,8900,bankovni transfer
487,31,2024-01-18 14:33:50,na čekanju,1300,kreditna kartica
488,8,2024-01-20 16:21:09,isporučeno,19200,pouzeće
489,19,2024-01-22 17:10:44,isporučeno,3600,bankovni transfer
490,4,2024-01-25 18:47:36,isporučeno,10900,kreditna kartica
491,12,2024-02-01 09:00:00,isporučeno,15000,pouzeće
492,3,2024-02-05 10:30:00,na čekanju,4500,kreditna kartica
493,25,2024-02-10 11:45:00,isporučeno,22000,bankovni transfer
494,18,2024-02-15 14:00:00,otkazano,3000,pouzeće
495,6,2024-02-20 15:15:00,isporučeno,17000,kreditna kartica
496,9,2024-02-25 16:30:00,isporučeno,19500,bankovni transfer
497,14,2024-03-02 17:45:00,na čekanju,500,kreditna kartica
498,11,2024-03-07 18:00:00,isporučeno,12500,pouzeće
499,10,2024-03-12 19:15:00,isporučeno,11000,bankovni transfer
500,5,2024-03-17 20:30:00,otkazano,3500,kreditna kartica
501,8,2024-03-22 21:45:00,isporučeno,18000,pouzeće
502,24,2024-03-27 22:00:00,isporučeno,24000,bankovni transfer
503,13,2024-04-01 08:00:00,na čekanju,700,kreditna kartica
504,17,2024-04-05 09:15:00,isporučeno,16000,pouzeće
505,22,2024-04-10 10:30:00,isporučeno,20000,bankovni transfer
506,20,2024-04-15 11:45:00,otkazano,4000,kreditna kartica
507,19,2024-04-20 13:00:00,isporučeno,19000,pouzeće
508,15,2024-04-25 14:15:00,isporučeno,21000,bankovni transfer
509,14,2024-05-01 15:30:00,na čekanju,800,kreditna kartica
510,12,2024-05-05 16:45:00,isporučeno,14000,pouzeće
511,11,2024-05-10 18:00:00,isporučeno,13000,bankovni transfer
512,10,2024-05-15 19:15:00,otkazano,4500,kreditna kartica
513,9,2024-05-20 20:30:00,isporučeno,17500,pouzeće
514,8,2024-05-25 21:45:00,isporučeno,18500,bankovni transfer
515,7,2024-06-01 08:00:00,na čekanju,900,kreditna kartica
516,6,2024-06-05 09:15:00,isporučeno,15500,pouzeće
517,5,2024-06-10 10:30:00,isporučeno,20500,bankovni transfer
518,4,2024-06-15 11:45:00,otkazano,3500,kreditna kartica
519,3,2024-06-20 13:00:00,isporučeno,16500,pouzeće
520,2,2024-06-25 14:15:00,isporučeno,21500,bankovni transfer
521,1,2024-07-01 15:30:00,na čekanju,1000,kreditna kartica
522,24,2024-07-05 16:45:00,isporučeno,14500,pouzeće
523,23,2024-07-10 18:00:00,isporučeno,12500,bankovni transfer
524,22,2024-07-15 19:15:00,otkazano,5000,kreditna kartica
525,21,2024-07-20 20:30:00,isporučeno,19500,pouzeće
526,20,2024-07-25 21:45:00,isporučeno,20500,bankovni transfer
527,19,2024-08-01 08:00:00,na čekanju,1100,kreditna kartica
528,18,2024-08-05 09:15:00,isporučeno,17500,pouzeće
529,17,2024-08-10 10:30:00,isporučeno,19500,bankovni transfer
530,16,2024-08-15 11:45:00,otkazano,4000,kreditna kartica
531,15,2024-08-20 13:00:00,isporučeno,18500,pouzeće
532,14,2024-08-25 14:15:00,isporučeno,21500,bankovni transfer
533,13,2024-09-01 15:30:00,na čekanju,1200,kreditna kartica
534,12,2024-09-05 16:45:00,isporučeno,15500,pouzeće
535,11,2024-09-10 18:00:00,isporučeno,13500,bankovni transfer
536,10,2024-09-15 19:15:00,otkazano,4500,kreditna kartica
537,9,2024-09-20 20:30:00,isporučeno,18000,pouzeće
538,8,2024-09-25 21:45:00,isporučeno,19000,bankovni transfer
539,7,2024-10-01 08:00:00,na čekanju,1300,kreditna kartica
540,6,2024-10-05 09:15:00,isporučeno,16500,pouzeće
541,5,2024-10-10 10:30:00,isporučeno,21000,bankovni transfer
542,4,2024-10-15 11:45:00,otkazano,3500,kreditna kartica
543,3,2024-10-20 13:00:00,isporučeno,17500,pouzeće
544,2,2024-10-25 14:15:00,isporučeno,22500,bankovni transfer
545,1,2024-11-01 15:30:00,na čekanju,1400,kreditna kartica
546,24,2024-11-05 16:45:00,isporučeno,15000,pouzeće
547,23,2024-11-10 18:00:00,isporučeno,13000,bankovni transfer
548,22,2024-11-15 19:15:00,otkazano,5000,kreditna kartica
549,21,2024-11-20 20:30:00,isporučeno,20000,pouzeće
550,20,2024-11-25 21:45:00,isporučeno,21000,bankovni transfer
551,19,2024-12-01 08:00:00,na čekanju,1500,kreditna kartica
552,18,2024-12-05 09:15:00,isporučeno,18000,pouzeće
553,17,2024-12-10 10:30:00,isporučeno,20000,bankovni transfer
554,16,2024-12-15 11:45:00,otkazano,4000,kreditna kartica
555,15,2024-12-20 13:00:00,isporučeno,19500,pouzeće
556,14,2024-12-25 14:15:00,isporučeno,22500,bankovni transfer
557,13,2024-12-28 15:30:00,na čekanju,1600,kreditna kartica
558,22,2024-12-29 16:45:00,isporučeno,17000,pouzeće
559,5,2024-12-30 18:00:00,isporučeno,21000,bankovni transfer
560,8,2024-12-31 19:15:00,otkazano,3500,kreditna kartica
561,7,2024-01-02 08:15:10,isporučeno,18400,kreditna kartica
562,2,2024-01-05 09:11:45,na čekanju,3600,pouzeće
563,15,2024-01-08 10:05:33,isporučeno,9700,bankovni transfer
564,2,2024-01-10 11:44:02,otkazano,2500,kreditna kartica
565,23,2024-01-13 12:18:27,isporučeno,21500,pouzeće
566,7,2024-01-15 13:55:12,isporučeno,8900,bankovni transfer
567,31,2024-01-18 14:33:50,na čekanju,1300,kreditna kartica
568,8,2024-01-20 16:21:09,isporučeno,19200,pouzeće
569,19,2024-01-22 17:10:44,isporučeno,3600,bankovni transfer
570,4,2024-01-25 18:47:36,isporučeno,10900,kreditna kartica
571,12,2024-02-01 09:00:00,isporučeno,15000,pouzeće
572,3,2024-02-05 10:30:00,na čekanju,4500,kreditna kartica
573,25,2024-02-10 11:45:00,isporučeno,22000,bankovni transfer
574,18,2024-02-15 14:00:00,otkazano,3000,pouzeće
575,6,2024-02-20 15:15:00,isporučeno,17000,kreditna kartica
576,9,2024-02-25 16:30:00,isporučeno,19500,bankovni transfer
577,14,2024-03-02 17:45:00,na čekanju,500,kreditna kartica
578,11,2024-03-07 18:00:00,isporučeno,12500,pouzeće